"No.","Quantity","Comment","Designator","Footprint","Value","Manufacturer Part","Manufacturer","Supplier Part","Supplier","Category","Primary Category","Pin Count","JLCPCB Price","3D Model Title","Add into BOM","LCSC Price","Symbol","Type","LCSC Stock"
"1","1","1nF","C2","C0402","1nF","CC0402KRX7R9BB102","YAGEO(国巨)","C106205","LCSC","Capacitors:Multilayer Ceramic Capacitors MLCC - SMD/SMT","Capacitors","2","0.0004","C0402_L1.0-W0.5-H0.5","yes","","CC0402KRX7R9BB102","",""
"2","1","10nF","C3","C0402","10nF","FCC0402B103K500AT","FOJAN(富捷)","C5137480","LCSC","Capacitors:Multilayer Ceramic Capacitors MLCC - SMD/SMT","Capacitors","2","0.0005","C0402_L1.0-W0.5-H0.5","yes","","FCC0402B103K500AT","",""
"3","1","1N5819","D1","DO-41_BD2.4-L4.7-P8.70-D0.9-RD","","1N5819","R+O(宏嘉诚)","C54795756","LCSC","Diodes:Schottky Diodes","Diodes","2","0.0061","DO-41_D2.4-L4.7-P8.70","yes","","1N5819_C54795756","",""
"4","1","1N4007","D2","DO-41_BD2.4-L4.7-P8.70-D0.8-RD","","1N4007","R+O(宏嘉诚)","C53664484","LCSC","Diodes:Diodes - General Purpose","Diodes","2","0.0058","DO-41_D2.4-L4.7-P8.70","yes","","1N4007_C53664484","",""
"5","1","DC-005-20","DC1","DC-IN-TH_DC-005-20","","DC-005-20","JXTCONN(聚兴泰)","C52125075","LCSC","Connectors:DC Power Connectors","Connectors","3","0.0265","DC-IN-TH_DC-005-20","yes","","DC-005-20","",""
"6","3","PZ1.27-1x2PLT-L7.2-R Pin header","H1,H2,H3","HDR-SMD_2P-P1.27-V-M-LS4.2-R1","","PZ1.27-1x2PLT-L7.2-R Pin header","SHOU HAN(首韩)","C55213900","LCSC","Connectors:Pin Headers","Connectors","2","0.0012","HDR-SMD_2P-P1.27-V-M-LS4.2-R1","yes","","PZ1.27-1X2PLT-L7.2-R PIN HEADER","",""
"7","1","33uH","L1","IND-SMD_L5.8-W5.2","33uH","CD54-330M","Zoomdo(震东电子)","C49230814","LCSC","Inductors, Coils, Chokes:Power Inductors","Inductors, Coils, Chokes","2","0.0056","IND-SMD_L5.8-W5.2-H4.5","yes","","CD54-330M_C49230814","",""
"8","1","MJE2955T","Q1","TO-220-3_L10.2-W4.5-P2.55-L","","MJE2955T","ST(意法半导体)","C315155","LCSC","Transistors/Thyristors:Bipolar (BJT)","Transistors/Thyristors","3","0.1054","TO-220-3_L10.2-W4.5-P2.55-L","yes","","MJE2955T","",""
"9","1","BC557B","Q2","TO-92-3_L4.9-W3.7-P1.27-L","","BC557B","LGE(鲁光)","C713617","LCSC","Transistors/Thyristors:Bipolar (BJT)","Transistors/Thyristors","3","0.007","TO-92-3_L4.9-W3.7-P1.27-L","yes","","BC557B_C713617","",""
"10","1","0E","R2","R0805","0E","0805W8F1001T5E","UNI-ROYAL(厚声)","","LCSC","Resistors:Chip Resistor - Surface Mount","Resistors","2","","R0805_L2.0-W1.3-H0.6","yes","","0805W8F1001T5E","Thick Film Resistors",""
"11","1","3kΩ","R4","R0603","3kΩ","0603WAF3001T5E","UNI-ROYAL(厚声)","C4211","LCSC","Resistors:Chip Resistor - Surface Mount","Resistors","2","0.0004","R0603","yes","","0603WAF3001T5E","Thick Film Resistor",""
"12","1","1KΩ","R8","R2512","1KΩ","RMC251211%N","Tyohm(幸亚电阻)","","LCSC","Resistors:Chip Resistor - Surface Mount","Resistors","2","","R2512_L6.3-W3.2-H0.6","yes","","RMC251211%N","",""
"13","3","5.1kΩ","R10,R11,R17","R0603","5.1kΩ","0603WAF5101T5E","UNI-ROYAL(厚声)","C23186","LCSC","Resistors:Chip Resistor - Surface Mount","Resistors","2","0.0003","R0603","yes","","0603WAF5101T5E","Thick Film Resistor",""
"14","1","1.8kΩ","R12","R0603","1.8kΩ","RC0603FR-071K8L","YAGEO(国巨)","C185354","LCSC","Resistors:Chip Resistor - Surface Mount","Resistors","2","0.0007","R0603","yes","","RC0603FR-071K8L","Thick Film Resistor",""
"15","1","51kΩ","R13","R0402","51kΩ","FRC0402F5102TS","FOJAN(富捷)","C2909367","LCSC","Resistors:Chip Resistor - Surface Mount","Resistors","2","0.0003","R0402_L1.0-W0.5-H0.4","yes","","FRC0402F5102TS","Thick Film Resistor",""
"16","3","Open","R14,R15,R16","R0603","Open","0603WAF0000T5E","UNI-ROYAL(厚声)","","LCSC","Resistors:Chip Resistor - Surface Mount","Resistors","2","","R0603","yes","","0603WAF0000T5E","Thick Film Resistor",""
"17","3","1E","R18,R19,R20","R0805","1E","0805W8F1001T5E","UNI-ROYAL(厚声)","","LCSC","Resistors:Chip Resistor - Surface Mount","Resistors","2","","R0805_L2.0-W1.3-H0.6","yes","","0805W8F1001T5E","Thick Film Resistors",""
"18","2","220uF","U1,U2","CAP-SMD_BD8.0-L8.3-W8.3-LS9.0-FD","220uF","RV-25V221MG10U-RR2","TAIYO YUDEN(太诱)","C399696","LCSC","Capacitors:Aluminum Electrolytic Capacitors - SMD","Capacitors","2","0.0486","CAP-SMD_BD8.0-L8.3-W8.3-LS9.0-FD","yes","","RV-25V221MG10U-RR2","",""
"19","1","SG3524N","U3","DIP-16_L20.0-W7.1-P2.54-LS8.5-BL","","SG3524N","ST(意法半导体)","C1530057","LCSC","Power Management (PMIC):DC-DC Converters","Power Management (PMIC)","16","0.0876","DIP-16_L20.0-W7.1-H5.1-P2.54-LS8.5-BL","yes","","SG3524N_C1530057","",""
